Model,RMSE,R2 Score,Improvement over Linear Regression (R2)
Linear Regression,1331071.4167895126,0.6494754192267793,0.0
Random Forest,1379831.8250445605,0.6233238885586754,-0.02615153066810394
